"['#Date/Time of Update: 2017-11-07 6:50:26 PM', '#Game ID', '#Game Date', '#Game Time', '#Away Team ID', '#Away Team Abbr.', '#Away Team City', '#Away Team Name', '#Home Team ID', '#Home Team Abbr.', '#Home Team City', '#Home Team Name', '#Location', '#Player ID', '#LastName', '#FirstName', '#Jersey Num', '#Position', '#Height', '#Weight', '#Birth Date', '#Age', '#Birth City', '#Birth Country', '#Rookie', '#Team ID', '#Team Abbr.', '#Team City', '#Team Name', '#Fg2PtAtt', '#Fg2PtAttPerGame', '#Fg2PtMade', '#Fg2PtMadePerGame', '#Fg2PtPct', '#Fg3PtAtt', '#Fg3PtAttPerGame', '#Fg3PtMade', '#Fg3PtMadePerGame', '#Fg3PtPct', '#FgAtt', '#FgAttPerGame', '#FgMade', '#FgMadePerGame', '#FgPct', '#FtAtt', '#FtAttPerGame', '#FtMade', '#FtMadePerGame', '#FtPct', '#OffReb', '#OffRebPerGame', '#DefReb', '#DefRebPerGame', '#Reb', '#RebPerGame', '#Ast', '#AstPerGame', '#Pts', '#PtsPerGame', '#Tov', '#TovPerGame', '#Stl', '#StlPerGame', '#Blk', '#BlkPerGame', '#BlkAgainst', '#BlkAgainstPerGame', '#FoulPers', '#FoulPersPerGame', '#PlusMinus', '#PlusMinusPerGame', '#MinSeconds', '#MinSecondsPerGame', '#Fouls', '#FoulsPerGame', '#FoulsDrawn', '#FoulsDrawnPerGame', '#FoulPersDrawn', '#FoulPersDrawnPerGame', '#FoulTech', '#FoulTechPerGame', '#FoulTechDrawn', '#FoulTechDrawnPerGame', '#FoulFlag1', '#FoulFlag1PerGame', '#FoulFlag1Drawn', '#FoulFlag1DrawnPerGame', '#FoulFlag2', '#FoulFlag2PerGame', '#FoulFlag2Drawn', '#FoulFlag2DrawnPerGame', '#Ejections']"
"['', '33943', '2016-10-25', '10:30PM', '106', 'SAS', 'San Antonio', 'Spurs', '101', 'GSW', 'Golden State', 'Warriors', 'Oracle Arena', '9218', 'Curry', 'Stephen', '30', 'PG', '6\'3""', '185', '1988-03-14', '29', 'Akron, Ohio', 'USA', 'N', '101', 'GSW', 'Golden State', 'Warriors', '8', '8.0', '6', '6.0', '75.0', '10', '10.0', '3', '3.0', '30.0', '18', '18.0', '9', '9.0', '50.0', '6', '6.0', '5', '5.0', '83.3', '0', '0.0', '3', '3.0', '3', '3.0', '4', '4.0', '26', '26.0', '4', '4.0', '0', '0.0', '0', '0.0', '1', '1.0', '1', '1.0', '-9', '-9.0', '2046', '2046.0', '5', '5.0', '0', '0.0', '4', '4.0', '0', '0.0', '0', '0.0', '0', '0.0', '0', '0.0', '0', '0.0', '0', '0.0', '0']"
"['', '33965', '2016-10-28', '9:30PM', '101', 'GSW', 'Golden State', 'Warriors', '110', 'NOP', 'New Orleans', 'Pelicans', 'Smoothie King Center', '9218', 'Curry', 'Stephen', '30', 'PG', '6\'3""', '185', '1988-03-14', '29', 'Akron, Ohio', 'USA', 'N', '101', 'GSW', 'Golden State', 'Warriors', '9', '9.0', '4', '4.0', '44.4', '10', '10.0', '4', '4.0', '40.0', '19', '19.0', '8', '8.0', '42.1', '4', '4.0', '3', '3.0', '75.0', '1', '1.0', '0', '0.0', '1', '1.0', '8', '8.0', '23', '23.0', '4', '4.0', '1', '1.0', '0', '0.0', '0', '0.0', '3', '3.0', '4', '4.0', '2044', '2044.0', '5', '5.0', '0', '0.0', '2', '2.0', '0', '0.0', '0', '0.0', '0', '0.0', '0', '0.0', '0', '0.0', '0', '0.0', '0']"
"['', '33976', '2016-10-30', '6:00PM', '101', 'GSW', 'Golden State', 'Warriors', '104', 'PHX', 'Phoenix', 'Suns', 'Talking Stick Resort Arena', '9218', 'Curry', 'Stephen', '30', 'PG', '6\'3""', '185', '1988-03-14', '29', 'Akron, Ohio', 'USA', 'N', '101', 'GSW', 'Golden State', 'Warriors', '9', '9.0', '4', '4.0', '44.4', '8', '8.0', '5', '5.0', '62.5', '17', '17.0', '9', '9.0', '52.9', '5', '5.0', '5', '5.0', '100.0', '0', '0.0', '1', '1.0', '1', '1.0', '3', '3.0', '28', '28.0', '1', '1.0', '0', '0.0', '0', '0.0', '2', '2.0', '5', '5.0', '2', '2.0', '2053', '2053.0', '8', '8.0', '0', '0.0', '3', '3.0', '0', '0.0', '0', '0.0', '0', '0.0', '0', '0.0', '0', '0.0', '0', '0.0', '0']"
"['', '33994', '2016-11-01', '10:00PM', '101', 'GSW', 'Golden State', 'Warriors', '97', 'POR', 'Portland', 'Trail Blazers', 'Moda Center', '9218', 'Curry', 'Stephen', '30', 'PG', '6\'3""', '185', '1988-03-14', '29', 'Akron, Ohio', 'USA', 'N', '101', 'GSW', 'Golden State', 'Warriors', '11', '11.0', '5', '5.0', '45.4', '10', '10.0', '5', '5.0', '50.0', '21', '21.0', '10', '10.0', '47.6', '4', '4.0', '3', '3.0', '75.0', '1', '1.0', '3', '3.0', '4', '4.0', '3', '3.0', '28', '28.0', '4', '4.0', '1', '1.0', '0', '0.0', '1', '1.0', '3', '3.0', '24', '24.0', '1770', '1770.0', '7', '7.0', '0', '0.0', '4', '4.0', '0', '0.0', '0', '0.0', '0', '0.0', '0', '0.0', '0', '0.0', '0', '0.0', '0']"
"['', '34009', '2016-11-03', '10:30PM', '96', 'OKL', 'Oklahoma City', 'Thunder', '101', 'GSW', 'Golden State', 'Warriors', 'Oracle Arena', '9218', 'Curry', 'Stephen', '30', 'PG', '6\'3""', '185', '1988-03-14', '29', 'Akron, Ohio', 'USA', 'N', '101', 'GSW', 'Golden State', 'Warriors', '8', '8.0', '4', '4.0', '50.0', '6', '6.0', '2', '2.0', '33.3', '14', '14.0', '6', '6.0', '42.9', '8', '8.0', '7', '7.0', '87.5', '0', '0.0', '1', '1.0', '1', '1.0', '7', '7.0', '21', '21.0', '1', '1.0', '2', '2.0', '1', '1.0', '2', '2.0', '1', '1.0', '17', '17.0', '1803', '1803.0', '6', '6.0', '0', '0.0', '5', '5.0', '0', '0.0', '0', '0.0', '0', '0.0', '0', '0.0', '0', '0.0', '0', '0.0', '0']"
"['', '34018', '2016-11-04', '10:30PM', '101', 'GSW', 'Golden State', 'Warriors', '105', 'LAL', 'Los Angeles', 'Lakers', 'Staples Center', '9218', 'Curry', 'Stephen', '30', 'PG', '6\'3""', '185', '1988-03-14', '29', 'Akron, Ohio', 'USA', 'N', '101', 'GSW', 'Golden State', 'Warriors', '7', '7.0', '5', '5.0', '71.4', '10', '10.0', '0', '0.0', '0.0', '17', '17.0', '5', '5.0', '29.4', '3', '3.0', '3', '3.0', '100.0', '0', '0.0', '8', '8.0', '8', '8.0', '10', '10.0', '13', '13.0', '2', '2.0', '2', '2.0', '1', '1.0', '2', '2.0', '3', '3.0', '-5', '-5.0', '1866', '1866.0', '5', '5.0', '0', '0.0', '2', '2.0', '0', '0.0', '0', '0.0', '0', '0.0', '0', '0.0', '0', '0.0', '0', '0.0', '0']"
"['', '34039', '2016-11-07', '10:30PM', '110', 'NOP', 'New Orleans', 'Pelicans', '101', 'GSW', 'Golden State', 'Warriors', 'Oracle Arena', '9218', 'Curry', 'Stephen', '30', 'PG', '6\'3""', '185', '1988-03-14', '29', 'Akron, Ohio', 'USA', 'N', '101', 'GSW', 'Golden State', 'Warriors', '9', '9.0', '3', '3.0', '33.3', '17', '17.0', '13', '13.0', '76.5', '26', '26.0', '16', '16.0', '61.5', '2', '2.0', '1', '1.0', '50.0', '3', '3.0', '2', '2.0', '5', '5.0', '5', '5.0', '46', '46.0', '4', '4.0', '2', '2.0', '0', '0.0', '0', '0.0', '2', '2.0', '7', '7.0', '2139', '2139.0', '8', '8.0', '0', '0.0', '5', '5.0', '1', '1.0', '0', '0.0', '0', '0.0', '0', '0.0', '0', '0.0', '0', '0.0', '0']"
"['', '34056', '2016-11-09', '10:30PM', '108', 'DAL', 'Dallas', 'Mavericks', '101', 'GSW', 'Golden State', 'Warriors', 'Oracle Arena', '9218', 'Curry', 'Stephen', '30', 'PG', '6\'3""', '185', '1988-03-14', '29', 'Akron, Ohio', 'USA', 'N', '101', 'GSW', 'Golden State', 'Warriors', '4', '4.0', '4', '4.0', '100.0', '8', '8.0', '4', '4.0', '50.0', '12', '12.0', '8', '8.0', '66.7', '4', '4.0', '4', '4.0', '100.0', '0', '0.0', '3', '3.0', '3', '3.0', '6', '6.0', '24', '24.0', '5', '5.0', '1', '1.0', '0', '0.0', '0', '0.0', '1', '1.0', '17', '17.0', '1850', '1850.0', '4', '4.0', '0', '0.0', '3', '3.0', '0', '0.0', '0', '0.0', '0', '0.0', '0', '0.0', '0', '0.0', '0', '0.0', '0']"
"['', '34059', '2016-11-10', '9:00PM', '101', 'GSW', 'Golden State', 'Warriors', '99', 'DEN', 'Denver', 'Nuggets', 'Pepsi Center', '9218', 'Curry', 'Stephen', '30', 'PG', '6\'3""', '185', '1988-03-14', '29', 'Akron, Ohio', 'USA', 'N', '101', 'GSW', 'Golden State', 'Warriors', '4', '4.0', '3', '3.0', '75.0', '13', '13.0', '7', '7.0', '53.8', '17', '17.0', '10', '10.0', '58.8', '6', '6.0', '6', '6.0', '100.0', '1', '1.0', '4', '4.0', '5', '5.0', '6', '6.0', '33', '33.0', '4', '4.0', '1', '1.0', '0', '0.0', '0', '0.0', '1', '1.0', '27', '27.0', '1796', '1796.0', '5', '5.0', '0', '0.0', '4', '4.0', '0', '0.0', '0', '0.0', '0', '0.0', '0', '0.0', '0', '0.0', '0', '0.0', '0']"
"['', '34083', '2016-11-13', '8:00PM', '104', 'PHX', 'Phoenix', 'Suns', '101', 'GSW', 'Golden State', 'Warriors', 'Oracle Arena', '9218', 'Curry', 'Stephen', '30', 'PG', '6\'3""', '185', '1988-03-14', '29', 'Akron, Ohio', 'USA', 'N', '101', 'GSW', 'Golden State', 'Warriors', '8', '8.0', '4', '4.0', '50.0', '9', '9.0', '5', '5.0', '55.6', '17', '17.0', '9', '9.0', '52.9', '7', '7.0', '7', '7.0', '100.0', '0', '0.0', '6', '6.0', '6', '6.0', '6', '6.0', '30', '30.0', '3', '3.0', '2', '2.0', '0', '0.0', '0', '0.0', '2', '2.0', '22', '22.0', '2206', '2206.0', '10', '10.0', '0', '0.0', '8', '8.0', '0', '0.0', '0', '0.0', '0', '0.0', '0', '0.0', '0', '0.0', '0', '0.0', '0']"
"['', '34105', '2016-11-16', '8:00PM', '101', 'GSW', 'Golden State', 'Warriors', '81', 'TOR', 'Toronto', 'Raptors', 'Air Canada Centre', '9218', 'Curry', 'Stephen', '30', 'PG', '6\'3""', '185', '1988-03-14', '29', 'Akron, Ohio', 'USA', 'N', '101', 'GSW', 'Golden State', 'Warriors', '10', '10.0', '7', '7.0', '70.0', '9', '9.0', '3', '3.0', '33.3', '19', '19.0', '10', '10.0', '52.6', '13', '13.0', '12', '12.0', '92.3', '2', '2.0', '1', '1.0', '3', '3.0', '7', '7.0', '35', '35.0', '3', '3.0', '1', '1.0', '0', '0.0', '0', '0.0', '3', '3.0', '5', '5.0', '2242', '2242.0', '11', '11.0', '0', '0.0', '8', '8.0', '0', '0.0', '0', '0.0', '0', '0.0', '0', '0.0', '0', '0.0', '0', '0.0', '0']"
"['', '34119', '2016-11-18', '8:00PM', '101', 'GSW', 'Golden State', 'Warriors', '82', 'BOS', 'Boston', 'Celtics', 'TD Garden', '9218', 'Curry', 'Stephen', '30', 'PG', '6\'3""', '185', '1988-03-14', '29', 'Akron, Ohio', 'USA', 'N', '101', 'GSW', 'Golden State', 'Warriors', '10', '10.0', '5', '5.0', '50.0', '10', '10.0', '2', '2.0', '20.0', '20', '20.0', '7', '7.0', '35.0', '0', '0.0', '0', '0.0', '0.0', '0', '0.0', '3', '3.0', '3', '3.0', '8', '8.0', '16', '16.0', '2', '2.0', '4', '4.0', '1', '1.0', '1', '1.0', '4', '4.0', '19', '19.0', '2178', '2178.0', '5', '5.0', '0', '0.0', '0', '0.0', '1', '1.0', '0', '0.0', '0', '0.0', '0', '0.0', '0', '0.0', '0', '0.0', '0']"
"['', '34131', '2016-11-19', '8:30PM', '101', 'GSW', 'Golden State', 'Warriors', '90', 'MIL', 'Milwaukee', 'Bucks', 'BMO Harris Bradley Center', '9218', 'Curry', 'Stephen', '30', 'PG', '6\'3""', '185', '1988-03-14', '29', 'Akron, Ohio', 'USA', 'N', '101', 'GSW', 'Golden State', 'Warriors', '10', '10.0', '6', '6.0', '60.0', '11', '11.0', '1', '1.0', '9.1', '21', '21.0', '7', '7.0', '33.3', '5', '5.0', '5', '5.0', '100.0', '0', '0.0', '5', '5.0', '5', '5.0', '5', '5.0', '20', '20.0', '3', '3.0', '1', '1.0', '0', '0.0', '0', '0.0', '4', '4.0', '1', '1.0', '2081', '2081.0', '7', '7.0', '0', '0.0', '3', '3.0', '0', '0.0', '0', '0.0', '0', '0.0', '0', '0.0', '0', '0.0', '0', '0.0', '0']"
"['', '34142', '2016-11-21', '7:00PM', '101', 'GSW', 'Golden State', 'Warriors', '87', 'IND', 'Indiana', 'Pacers', 'Bankers Life Fieldhouse', '9218', 'Curry', 'Stephen', '30', 'PG', '6\'3""', '185', '1988-03-14', '29', 'Akron, Ohio', 'USA', 'N', '101', 'GSW', 'Golden State', 'Warriors', '5', '5.0', '4', '4.0', '80.0', '6', '6.0', '2', '2.0', '33.3', '11', '11.0', '6', '6.0', '54.6', '8', '8.0', '8', '8.0', '100.0', '2', '2.0', '4', '4.0', '6', '6.0', '6', '6.0', '22', '22.0', '1', '1.0', '1', '1.0', '0', '0.0', '0', '0.0', '1', '1.0', '34', '34.0', '1770', '1770.0', '6', '6.0', '0', '0.0', '5', '5.0', '0', '0.0', '0', '0.0', '0', '0.0', '0', '0.0', '0', '0.0', '0', '0.0', '0']"
"['', '34163', '2016-11-23', '10:30PM', '105', 'LAL', 'Los Angeles', 'Lakers', '101', 'GSW', 'Golden State', 'Warriors', 'Oracle Arena', '9218', 'Curry', 'Stephen', '30', 'PG', '6\'3""', '185', '1988-03-14', '29', 'Akron, Ohio', 'USA', 'N', '101', 'GSW', 'Golden State', 'Warriors', '6', '6.0', '4', '4.0', '66.7', '12', '12.0', '7', '7.0', '58.3', '18', '18.0', '11', '11.0', '61.1', '2', '2.0', '2', '2.0', '100.0', '0', '0.0', '5', '5.0', '5', '5.0', '9', '9.0', '31', '31.0', '1', '1.0', '1', '1.0', '0', '0.0', '0', '0.0', '1', '1.0', '32', '32.0', '1725', '1725.0', '4', '4.0', '0', '0.0', '3', '3.0', '0', '0.0', '0', '0.0', '0', '0.0', '0', '0.0', '0', '0.0', '0', '0.0', '0']"
"['', '34178', '2016-11-25', '10:30PM', '101', 'GSW', 'Golden State', 'Warriors', '105', 'LAL', 'Los Angeles', 'Lakers', 'Staples Center', '9218', 'Curry', 'Stephen', '30', 'PG', '6\'3""', '185', '1988-03-14', '29', 'Akron, Ohio', 'USA', 'N', '101', 'GSW', 'Golden State', 'Warriors', '7', '7.0', '4', '4.0', '57.1', '10', '10.0', '4', '4.0', '40.0', '17', '17.0', '8', '8.0', '47.1', '4', '4.0', '4', '4.0', '100.0', '2', '2.0', '3', '3.0', '5', '5.0', '5', '5.0', '24', '24.0', '3', '3.0', '3', '3.0', '0', '0.0', '1', '1.0', '1', '1.0', '14', '14.0', '2136', '2136.0', '5', '5.0', '0', '0.0', '4', '4.0', '0', '0.0', '0', '0.0', '0', '0.0', '0', '0.0', '0', '0.0', '0', '0.0', '0']"
"['', '34184', '2016-11-26', '10:30PM', '100', 'MIN', 'Minnesota', 'Timberwolves', '101', 'GSW', 'Golden State', 'Warriors', 'Oracle Arena', '9218', 'Curry', 'Stephen', '30', 'PG', '6\'3""', '185', '1988-03-14', '29', 'Akron, Ohio', 'USA', 'N', '101', 'GSW', 'Golden State', 'Warriors', '11', '11.0', '9', '9.0', '81.8', '8', '8.0', '4', '4.0', '50.0', '19', '19.0', '13', '13.0', '68.4', '4', '4.0', '4', '4.0', '100.0', '1', '1.0', '7', '7.0', '8', '8.0', '6', '6.0', '34', '34.0', '6', '6.0', '2', '2.0', '0', '0.0', '0', '0.0', '4', '4.0', '16', '16.0', '2230', '2230.0', '7', '7.0', '0', '0.0', '3', '3.0', '0', '0.0', '0', '0.0', '0', '0.0', '0', '0.0', '0', '0.0', '0', '0.0', '0']"
"['', '34199', '2016-11-28', '10:30PM', '91', 'ATL', 'Atlanta', 'Hawks', '101', 'GSW', 'Golden State', 'Warriors', 'Oracle Arena', '9218', 'Curry', 'Stephen', '30', 'PG', '6\'3""', '185', '1988-03-14', '29', 'Akron, Ohio', 'USA', 'N', '101', 'GSW', 'Golden State', 'Warriors', '6', '6.0', '2', '2.0', '33.3', '11', '11.0', '4', '4.0', '36.4', '17', '17.0', '6', '6.0', '35.3', '11', '11.0', '9', '9.0', '81.8', '0', '0.0', '3', '3.0', '3', '3.0', '3', '3.0', '25', '25.0', '3', '3.0', '2', '2.0', '0', '0.0', '2', '2.0', '2', '2.0', '6', '6.0', '2294', '2294.0', '9', '9.0', '0', '0.0', '7', '7.0', '0', '0.0', '0', '0.0', '0', '0.0', '0', '0.0', '0', '0.0', '0', '0.0', '0']"
"['', '34221', '2016-12-01', '10:30PM', '109', 'HOU', 'Houston', 'Rockets', '101', 'GSW', 'Golden State', 'Warriors', 'Oracle Arena', '9218', 'Curry', 'Stephen', '30', 'PG', '6\'3""', '185', '1988-03-14', '29', 'Akron, Ohio', 'USA', 'N', '101', 'GSW', 'Golden State', 'Warriors', '9', '9.0', '5', '5.0', '55.6', '13', '13.0', '4', '4.0', '30.8', '22', '22.0', '9', '9.0', '40.9', '6', '6.0', '6', '6.0', '100.0', '1', '1.0', '2', '2.0', '3', '3.0', '5', '5.0', '28', '28.0', '5', '5.0', '3', '3.0', '1', '1.0', '1', '1.0', '6', '6.0', '10', '10.0', '2303', '2303.0', '11', '11.0', '0', '0.0', '5', '5.0', '0', '0.0', '0', '0.0', '0', '0.0', '0', '0.0', '0', '0.0', '0', '0.0', '0']"
"['', '34239', '2016-12-03', '10:30PM', '104', 'PHX', 'Phoenix', 'Suns', '101', 'GSW', 'Golden State', 'Warriors', 'Oracle Arena', '9218', 'Curry', 'Stephen', '30', 'PG', '6\'3""', '185', '1988-03-14', '29', 'Akron, Ohio', 'USA', 'N', '101', 'GSW', 'Golden State', 'Warriors', '8', '8.0', '5', '5.0', '62.5', '7', '7.0', '5', '5.0', '71.4', '15', '15.0', '10', '10.0', '66.7', '6', '6.0', '6', '6.0', '100.0', '0', '0.0', '2', '2.0', '2', '2.0', '1', '1.0', '31', '31.0', '3', '3.0', '1', '1.0', '0', '0.0', '0', '0.0', '2', '2.0', '15', '15.0', '1790', '1790.0', '6', '6.0', '0', '0.0', '4', '4.0', '0', '0.0', '0', '0.0', '0', '0.0', '0', '0.0', '0', '0.0', '0', '0.0', '0']"
"['', '34254', '2016-12-05', '10:30PM', '87', 'IND', 'Indiana', 'Pacers', '101', 'GSW', 'Golden State', 'Warriors', 'Oracle Arena', '9218', 'Curry', 'Stephen', '30', 'PG', '6\'3""', '185', '1988-03-14', '29', 'Akron, Ohio', 'USA', 'N', '101', 'GSW', 'Golden State', 'Warriors', '3', '3.0', '2', '2.0', '66.7', '7', '7.0', '2', '2.0', '28.6', '10', '10.0', '4', '4.0', '40.0', '4', '4.0', '3', '3.0', '75.0', '0', '0.0', '4', '4.0', '4', '4.0', '11', '11.0', '13', '13.0', '0', '0.0', '2', '2.0', '1', '1.0', '0', '0.0', '4', '4.0', '24', '24.0', '1749', '1749.0', '7', '7.0', '0', '0.0', '3', '3.0', '0', '0.0', '0', '0.0', '0', '0.0', '0', '0.0', '0', '0.0', '0', '0.0', '0']"
"['', '34270', '2016-12-07', '10:30PM', '101', 'GSW', 'Golden State', 'Warriors', '102', 'LAC', 'Los Angeles', 'Clippers', 'Staples Center', '9218', 'Curry', 'Stephen', '30', 'PG', '6\'3""', '185', '1988-03-14', '29', 'Akron, Ohio', 'USA', 'N', '101', 'GSW', 'Golden State', 'Warriors', '8', '8.0', '7', '7.0', '87.5', '8', '8.0', '0', '0.0', '0.0', '16', '16.0', '7', '7.0', '43.8', '5', '5.0', '5', '5.0', '100.0', '0', '0.0', '4', '4.0', '4', '4.0', '6', '6.0', '19', '19.0', '3', '3.0', '7', '7.0', '0', '0.0', '0', '0.0', '3', '3.0', '18', '18.0', '1997', '1997.0', '7', '7.0', '0', '0.0', '4', '4.0', '0', '0.0', '0', '0.0', '0', '0.0', '0', '0.0', '0', '0.0', '0', '0.0', '0']"
"['', '34275', '2016-12-08', '9:00PM', '101', 'GSW', 'Golden State', 'Warriors', '98', 'UTA', 'Utah', 'Jazz', 'Vivint Smart Home Arena', '9218', 'Curry', 'Stephen', '30', 'PG', '6\'3""', '185', '1988-03-14', '29', 'Akron, Ohio', 'USA', 'N', '101', 'GSW', 'Golden State', 'Warriors', '7', '7.0', '4', '4.0', '57.1', '9', '9.0', '3', '3.0', '33.3', '16', '16.0', '7', '7.0', '43.8', '9', '9.0', '9', '9.0', '100.0', '0', '0.0', '5', '5.0', '5', '5.0', '2', '2.0', '26', '26.0', '3', '3.0', '2', '2.0', '0', '0.0', '0', '0.0', '2', '2.0', '10', '10.0', '2134', '2134.0', '10', '10.0', '0', '0.0', '8', '8.0', '0', '0.0', '0', '0.0', '0', '0.0', '0', '0.0', '0', '0.0', '0', '0.0', '0']"
"['', '34291', '2016-12-10', '8:00PM', '101', 'GSW', 'Golden State', 'Warriors', '107', 'MEM', 'Memphis', 'Grizzlies', 'FedEx Forum', '9218', 'Curry', 'Stephen', '30', 'PG', '6\'3""', '185', '1988-03-14', '29', 'Akron, Ohio', 'USA', 'N', '101', 'GSW', 'Golden State', 'Warriors', '3', '3.0', '1', '1.0', '33.3', '11', '11.0', '3', '3.0', '27.3', '14', '14.0', '4', '4.0', '28.6', '6', '6.0', '6', '6.0', '100.0', '2', '2.0', '6', '6.0', '8', '8.0', '3', '3.0', '17', '17.0', '4', '4.0', '0', '0.0', '0', '0.0', '1', '1.0', '3', '3.0', '-24', '-24.0', '1835', '1835.0', '7', '7.0', '0', '0.0', '4', '4.0', '0', '0.0', '0', '0.0', '0', '0.0', '0', '0.0', '0', '0.0', '0', '0.0', '0']"
"['', '34298', '2016-12-11', '7:00PM', '101', 'GSW', 'Golden State', 'Warriors', '100', 'MIN', 'Minnesota', 'Timberwolves', 'Target Center', '9218', 'Curry', 'Stephen', '30', 'PG', '6\'3""', '185', '1988-03-14', '29', 'Akron, Ohio', 'USA', 'N', '101', 'GSW', 'Golden State', 'Warriors', '8', '8.0', '4', '4.0', '50.0', '5', '5.0', '2', '2.0', '40.0', '13', '13.0', '6', '6.0', '46.2', '8', '8.0', '8', '8.0', '100.0', '1', '1.0', '3', '3.0', '4', '4.0', '9', '9.0', '22', '22.0', '0', '0.0', '1', '1.0', '0', '0.0', '1', '1.0', '3', '3.0', '-6', '-6.0', '1895', '1895.0', '7', '7.0', '0', '0.0', '4', '4.0', '0', '0.0', '0', '0.0', '0', '0.0', '0', '0.0', '0', '0.0', '0', '0.0', '0']"
"['', '34311', '2016-12-13', '8:00PM', '101', 'GSW', 'Golden State', 'Warriors', '110', 'NOP', 'New Orleans', 'Pelicans', 'Smoothie King Center', '9218', 'Curry', 'Stephen', '30', 'PG', '6\'3""', '185', '1988-03-14', '29', 'Akron, Ohio', 'USA', 'N', '101', 'GSW', 'Golden State', 'Warriors', '14', '14.0', '6', '6.0', '42.9', '9', '9.0', '5', '5.0', '55.6', '23', '23.0', '11', '11.0', '47.8', '4', '4.0', '3', '3.0', '75.0', '2', '2.0', '2', '2.0', '4', '4.0', '7', '7.0', '30', '30.0', '2', '2.0', '1', '1.0', '0', '0.0', '1', '1.0', '2', '2.0', '4', '4.0', '2047', '2047.0', '5', '5.0', '0', '0.0', '3', '3.0', '0', '0.0', '0', '0.0', '0', '0.0', '0', '0.0', '0', '0.0', '0', '0.0', '0']"
"['', '34328', '2016-12-15', '10:30PM', '83', 'NYK', 'New York', 'Knicks', '101', 'GSW', 'Golden State', 'Warriors', 'Oracle Arena', '9218', 'Curry', 'Stephen', '30', 'PG', '6\'3""', '185', '1988-03-14', '29', 'Akron, Ohio', 'USA', 'N', '101', 'GSW', 'Golden State', 'Warriors', '6', '6.0', '1', '1.0', '16.7', '8', '8.0', '2', '2.0', '25.0', '14', '14.0', '3', '3.0', '21.4', '0', '0.0', '0', '0.0', '0.0', '1', '1.0', '9', '9.0', '10', '10.0', '8', '8.0', '8', '8.0', '3', '3.0', '1', '1.0', '0', '0.0', '0', '0.0', '0', '0.0', '20', '20.0', '2029', '2029.0', '1', '1.0', '0', '0.0', '1', '1.0', '0', '0.0', '0', '0.0', '0', '0.0', '0', '0.0', '0', '0.0', '0', '0.0', '0']"
"['', '34345', '2016-12-17', '10:30PM', '97', 'POR', 'Portland', 'Trail Blazers', '101', 'GSW', 'Golden State', 'Warriors', 'Oracle Arena', '9218', 'Curry', 'Stephen', '30', 'PG', '6\'3""', '185', '1988-03-14', '29', 'Akron, Ohio', 'USA', 'N', '101', 'GSW', 'Golden State', 'Warriors', '3', '3.0', '1', '1.0', '33.3', '8', '8.0', '5', '5.0', '62.5', '11', '11.0', '6', '6.0', '54.6', '2', '2.0', '2', '2.0', '100.0', '0', '0.0', '3', '3.0', '3', '3.0', '6', '6.0', '19', '19.0', '3', '3.0', '0', '0.0', '0', '0.0', '0', '0.0', '3', '3.0', '21', '21.0', '1634', '1634.0', '4', '4.0', '0', '0.0', '1', '1.0', '0', '0.0', '0', '0.0', '0', '0.0', '0', '0.0', '0', '0.0', '0', '0.0', '0']"
"['', '34367', '2016-12-20', '10:30PM', '98', 'UTA', 'Utah', 'Jazz', '101', 'GSW', 'Golden State', 'Warriors', 'Oracle Arena', '9218', 'Curry', 'Stephen', '30', 'PG', '6\'3""', '185', '1988-03-14', '29', 'Akron, Ohio', 'USA', 'N', '101', 'GSW', 'Golden State', 'Warriors', '9', '9.0', '4', '4.0', '44.4', '9', '9.0', '4', '4.0', '44.4', '18', '18.0', '8', '8.0', '44.4', '5', '5.0', '5', '5.0', '100.0', '0', '0.0', '3', '3.0', '3', '3.0', '4', '4.0', '25', '25.0', '0', '0.0', '3', '3.0', '0', '0.0', '0', '0.0', '0', '0.0', '27', '27.0', '1813', '1813.0', '3', '3.0', '0', '0.0', '3', '3.0', '0', '0.0', '0', '0.0', '0', '0.0', '0', '0.0', '0', '0.0', '0', '0.0', '0']"
"['', '34377', '2016-12-22', '7:30PM', '101', 'GSW', 'Golden State', 'Warriors', '84', 'BRO', 'Brooklyn', 'Nets', 'Barclays Center', '9218', 'Curry', 'Stephen', '30', 'PG', '6\'3""', '185', '1988-03-14', '29', 'Akron, Ohio', 'USA', 'N', '101', 'GSW', 'Golden State', 'Warriors', '6', '6.0', '3', '3.0', '50.0', '13', '13.0', '3', '3.0', '23.1', '19', '19.0', '6', '6.0', '31.6', '0', '0.0', '0', '0.0', '0.0', '0', '0.0', '2', '2.0', '2', '2.0', '7', '7.0', '15', '15.0', '2', '2.0', '5', '5.0', '0', '0.0', '2', '2.0', '5', '5.0', '25', '25.0', '1978', '1978.0', '8', '8.0', '0', '0.0', '3', '3.0', '0', '0.0', '0', '0.0', '0', '0.0', '0', '0.0', '0', '0.0', '0', '0.0', '0']"
"['', '34386', '2016-12-23', '7:30PM', '101', 'GSW', 'Golden State', 'Warriors', '88', 'DET', 'Detroit', 'Pistons', 'Palace of Auburn Hills', '9218', 'Curry', 'Stephen', '30', 'PG', '6\'3""', '185', '1988-03-14', '29', 'Akron, Ohio', 'USA', 'N', '101', 'GSW', 'Golden State', 'Warriors', '6', '6.0', '2', '2.0', '33.3', '10', '10.0', '5', '5.0', '50.0', '16', '16.0', '7', '7.0', '43.8', '6', '6.0', '6', '6.0', '100.0', '0', '0.0', '3', '3.0', '3', '3.0', '8', '8.0', '25', '25.0', '5', '5.0', '2', '2.0', '0', '0.0', '0', '0.0', '1', '1.0', '6', '6.0', '2100', '2100.0', '6', '6.0', '0', '0.0', '5', '5.0', '0', '0.0', '0', '0.0', '0', '0.0', '0', '0.0', '0', '0.0', '0', '0.0', '0']"
"['', '34397', '2016-12-25', '2:30PM', '101', 'GSW', 'Golden State', 'Warriors', '86', 'CLE', 'Cleveland', 'Cavaliers', 'Quicken Loans Arena', '9218', 'Curry', 'Stephen', '30', 'PG', '6\'3""', '185', '1988-03-14', '29', 'Akron, Ohio', 'USA', 'N', '101', 'GSW', 'Golden State', 'Warriors', '4', '4.0', '2', '2.0', '50.0', '7', '7.0', '2', '2.0', '28.6', '11', '11.0', '4', '4.0', '36.4', '6', '6.0', '5', '5.0', '83.3', '0', '0.0', '3', '3.0', '3', '3.0', '3', '3.0', '15', '15.0', '3', '3.0', '3', '3.0', '0', '0.0', '0', '0.0', '4', '4.0', '-1', '-1.0', '2240', '2240.0', '8', '8.0', '0', '0.0', '4', '4.0', '0', '0.0', '0', '0.0', '0', '0.0', '0', '0.0', '0', '0.0', '0', '0.0', '0']"
"['', '34425', '2016-12-28', '10:30PM', '81', 'TOR', 'Toronto', 'Raptors', '101', 'GSW', 'Golden State', 'Warriors', 'Oracle Arena', '9218', 'Curry', 'Stephen', '30', 'PG', '6\'3""', '185', '1988-03-14', '29', 'Akron, Ohio', 'USA', 'N', '101', 'GSW', 'Golden State', 'Warriors', '12', '12.0', '6', '6.0', '50.0', '6', '6.0', '3', '3.0', '50.0', '18', '18.0', '9', '9.0', '50.0', '7', '7.0', '7', '7.0', '100.0', '1', '1.0', '6', '6.0', '7', '7.0', '7', '7.0', '28', '28.0', '2', '2.0', '0', '0.0', '0', '0.0', '2', '2.0', '3', '3.0', '27', '27.0', '2179', '2179.0', '11', '11.0', '0', '0.0', '8', '8.0', '0', '0.0', '0', '0.0', '0', '0.0', '0', '0.0', '0', '0.0', '0', '0.0', '0']"
"['', '34441', '2016-12-30', '10:30PM', '108', 'DAL', 'Dallas', 'Mavericks', '101', 'GSW', 'Golden State', 'Warriors', 'Oracle Arena', '9218', 'Curry', 'Stephen', '30', 'PG', '6\'3""', '185', '1988-03-14', '29', 'Akron, Ohio', 'USA', 'N', '101', 'GSW', 'Golden State', 'Warriors', '6', '6.0', '2', '2.0', '33.3', '6', '6.0', '3', '3.0', '50.0', '12', '12.0', '5', '5.0', '41.7', '1', '1.0', '1', '1.0', '100.0', '0', '0.0', '4', '4.0', '4', '4.0', '5', '5.0', '14', '14.0', '1', '1.0', '1', '1.0', '0', '0.0', '2', '2.0', '2', '2.0', '14', '14.0', '1808', '1808.0', '3', '3.0', '0', '0.0', '1', '1.0', '0', '0.0', '0', '0.0', '0', '0.0', '0', '0.0', '0', '0.0', '0', '0.0', '0']"
"['', '34460', '2017-01-02', '10:30PM', '99', 'DEN', 'Denver', 'Nuggets', '101', 'GSW', 'Golden State', 'Warriors', 'Oracle Arena', '9218', 'Curry', 'Stephen', '30', 'PG', '6\'3""', '185', '1988-03-14', '29', 'Akron, Ohio', 'USA', 'N', '101', 'GSW', 'Golden State', 'Warriors', '9', '9.0', '5', '5.0', '55.6', '9', '9.0', '3', '3.0', '33.3', '18', '18.0', '8', '8.0', '44.4', '3', '3.0', '3', '3.0', '100.0', '0', '0.0', '3', '3.0', '3', '3.0', '5', '5.0', '22', '22.0', '3', '3.0', '0', '0.0', '0', '0.0', '0', '0.0', '2', '2.0', '7', '7.0', '2103', '2103.0', '5', '5.0', '0', '0.0', '3', '3.0', '0', '0.0', '0', '0.0', '0', '0.0', '0', '0.0', '0', '0.0', '0', '0.0', '0']"
"['', '34474', '2017-01-04', '10:30PM', '97', 'POR', 'Portland', 'Trail Blazers', '101', 'GSW', 'Golden State', 'Warriors', 'Oracle Arena', '9218', 'Curry', 'Stephen', '30', 'PG', '6\'3""', '185', '1988-03-14', '29', 'Akron, Ohio', 'USA', 'N', '101', 'GSW', 'Golden State', 'Warriors', '12', '12.0', '7', '7.0', '58.3', '13', '13.0', '5', '5.0', '38.5', '25', '25.0', '12', '12.0', '48.0', '8', '8.0', '6', '6.0', '75.0', '1', '1.0', '6', '6.0', '7', '7.0', '5', '5.0', '35', '35.0', '5', '5.0', '1', '1.0', '0', '0.0', '2', '2.0', '1', '1.0', '6', '6.0', '2154', '2154.0', '6', '6.0', '0', '0.0', '5', '5.0', '0', '0.0', '0', '0.0', '0', '0.0', '0', '0.0', '0', '0.0', '0', '0.0', '0']"
"['', '34490', '2017-01-06', '10:30PM', '107', 'MEM', 'Memphis', 'Grizzlies', '101', 'GSW', 'Golden State', 'Warriors', 'Oracle Arena', '9218', 'Curry', 'Stephen', '30', 'PG', '6\'3""', '185', '1988-03-14', '29', 'Akron, Ohio', 'USA', 'N', '101', 'GSW', 'Golden State', 'Warriors', '14', '14.0', '10', '10.0', '71.4', '13', '13.0', '5', '5.0', '38.5', '27', '27.0', '15', '15.0', '55.6', '5', '5.0', '5', '5.0', '100.0', '0', '0.0', '3', '3.0', '3', '3.0', '6', '6.0', '40', '40.0', '4', '4.0', '1', '1.0', '1', '1.0', '0', '0.0', '2', '2.0', '-10', '-10.0', '2533', '2533.0', '6', '6.0', '0', '0.0', '4', '4.0', '0', '0.0', '0', '0.0', '0', '0.0', '0', '0.0', '0', '0.0', '0', '0.0', '0']"
"['', '34506', '2017-01-08', '9:00PM', '101', 'GSW', 'Golden State', 'Warriors', '103', 'SAC', 'Sacramento', 'Kings', 'Sleep Train Arena', '9218', 'Curry', 'Stephen', '30', 'PG', '6\'3""', '185', '1988-03-14', '29', 'Akron, Ohio', 'USA', 'N', '101', 'GSW', 'Golden State', 'Warriors', '11', '11.0', '6', '6.0', '54.6', '11', '11.0', '5', '5.0', '45.4', '22', '22.0', '11', '11.0', '50.0', '3', '3.0', '3', '3.0', '100.0', '2', '2.0', '2', '2.0', '4', '4.0', '6', '6.0', '30', '30.0', '4', '4.0', '2', '2.0', '0', '0.0', '0', '0.0', '3', '3.0', '14', '14.0', '2226', '2226.0', '5', '5.0', '0', '0.0', '2', '2.0', '0', '0.0', '0', '0.0', '0', '0.0', '0', '0.0', '0', '0.0', '0', '0.0', '0']"
"['', '34518', '2017-01-10', '10:30PM', '92', 'MIA', 'Miami', 'Heat', '101', 'GSW', 'Golden State', 'Warriors', 'Oracle Arena', '9218', 'Curry', 'Stephen', '30', 'PG', '6\'3""', '185', '1988-03-14', '29', 'Akron, Ohio', 'USA', 'N', '101', 'GSW', 'Golden State', 'Warriors', '10', '10.0', '4', '4.0', '40.0', '11', '11.0', '4', '4.0', '36.4', '21', '21.0', '8', '8.0', '38.1', '5', '5.0', '4', '4.0', '80.0', '1', '1.0', '7', '7.0', '8', '8.0', '9', '9.0', '24', '24.0', '3', '3.0', '1', '1.0', '1', '1.0', '2', '2.0', '0', '0.0', '18', '18.0', '2143', '2143.0', '4', '4.0', '0', '0.0', '4', '4.0', '0', '0.0', '0', '0.0', '0', '0.0', '0', '0.0', '0', '0.0', '0', '0.0', '0']"
"['', '34531', '2017-01-12', '10:30PM', '88', 'DET', 'Detroit', 'Pistons', '101', 'GSW', 'Golden State', 'Warriors', 'Oracle Arena', '9218', 'Curry', 'Stephen', '30', 'PG', '6\'3""', '185', '1988-03-14', '29', 'Akron, Ohio', 'USA', 'N', '101', 'GSW', 'Golden State', 'Warriors', '8', '8.0', '6', '6.0', '75.0', '9', '9.0', '3', '3.0', '33.3', '17', '17.0', '9', '9.0', '52.9', '3', '3.0', '3', '3.0', '100.0', '0', '0.0', '2', '2.0', '2', '2.0', '6', '6.0', '24', '24.0', '8', '8.0', '5', '5.0', '0', '0.0', '1', '1.0', '0', '0.0', '32', '32.0', '1791', '1791.0', '2', '2.0', '0', '0.0', '2', '2.0', '0', '0.0', '0', '0.0', '0', '0.0', '0', '0.0', '0', '0.0', '0', '0.0', '0']"
"['', '34559', '2017-01-16', '8:00PM', '86', 'CLE', 'Cleveland', 'Cavaliers', '101', 'GSW', 'Golden State', 'Warriors', 'Oracle Arena', '9218', 'Curry', 'Stephen', '30', 'PG', '6\'3""', '185', '1988-03-14', '29', 'Akron, Ohio', 'USA', 'N', '101', 'GSW', 'Golden State', 'Warriors', '8', '8.0', '2', '2.0', '25.0', '12', '12.0', '5', '5.0', '41.7', '20', '20.0', '7', '7.0', '35.0', '2', '2.0', '1', '1.0', '50.0', '0', '0.0', '2', '2.0', '2', '2.0', '11', '11.0', '20', '20.0', '3', '3.0', '4', '4.0', '0', '0.0', '0', '0.0', '2', '2.0', '23', '23.0', '1855', '1855.0', '3', '3.0', '0', '0.0', '1', '1.0', '0', '0.0', '0', '0.0', '0', '0.0', '0', '0.0', '0', '0.0', '0', '0.0', '0']"
"['', '34574', '2017-01-18', '10:30PM', '96', 'OKL', 'Oklahoma City', 'Thunder', '101', 'GSW', 'Golden State', 'Warriors', 'Oracle Arena', '9218', 'Curry', 'Stephen', '30', 'PG', '6\'3""', '185', '1988-03-14', '29', 'Akron, Ohio', 'USA', 'N', '101', 'GSW', 'Golden State', 'Warriors', '13', '13.0', '7', '7.0', '53.8', '6', '6.0', '2', '2.0', '33.3', '19', '19.0', '9', '9.0', '47.4', '4', '4.0', '4', '4.0', '100.0', '0', '0.0', '4', '4.0', '4', '4.0', '8', '8.0', '24', '24.0', '3', '3.0', '3', '3.0', '0', '0.0', '2', '2.0', '0', '0.0', '19', '19.0', '2051', '2051.0', '3', '3.0', '0', '0.0', '3', '3.0', '0', '0.0', '0', '0.0', '0', '0.0', '0', '0.0', '0', '0.0', '0', '0.0', '0']"
"['', '34586', '2017-01-20', '8:00PM', '101', 'GSW', 'Golden State', 'Warriors', '109', 'HOU', 'Houston', 'Rockets', 'Toyota Center', '9218', 'Curry', 'Stephen', '30', 'PG', '6\'3""', '185', '1988-03-14', '29', 'Akron, Ohio', 'USA', 'N', '101', 'GSW', 'Golden State', 'Warriors', '7', '7.0', '3', '3.0', '42.9', '11', '11.0', '5', '5.0', '45.4', '18', '18.0', '8', '8.0', '44.4', '5', '5.0', '3', '3.0', '60.0', '0', '0.0', '1', '1.0', '1', '1.0', '7', '7.0', '24', '24.0', '1', '1.0', '1', '1.0', '0', '0.0', '0', '0.0', '1', '1.0', '15', '15.0', '1977', '1977.0', '4', '4.0', '0', '0.0', '3', '3.0', '0', '0.0', '0', '0.0', '0', '0.0', '0', '0.0', '0', '0.0', '0', '0.0', '0']"
"['', '34601', '2017-01-22', '12:00PM', '101', 'GSW', 'Golden State', 'Warriors', '95', 'ORL', 'Orlando', 'Magic', 'Amway Center', '9218', 'Curry', 'Stephen', '30', 'PG', '6\'3""', '185', '1988-03-14', '29', 'Akron, Ohio', 'USA', 'N', '101', 'GSW', 'Golden State', 'Warriors', '2', '2.0', '1', '1.0', '50.0', '13', '13.0', '7', '7.0', '53.8', '15', '15.0', '8', '8.0', '53.3', '4', '4.0', '4', '4.0', '100.0', '1', '1.0', '3', '3.0', '4', '4.0', '6', '6.0', '27', '27.0', '3', '3.0', '0', '0.0', '0', '0.0', '1', '1.0', '2', '2.0', '32', '32.0', '1773', '1773.0', '5', '5.0', '0', '0.0', '3', '3.0', '0', '0.0', '0', '0.0', '0', '0.0', '0', '0.0', '0', '0.0', '0', '0.0', '0']"
"['', '34608', '2017-01-23', '7:30PM', '101', 'GSW', 'Golden State', 'Warriors', '92', 'MIA', 'Miami', 'Heat', 'American Airlines Arena', '9218', 'Curry', 'Stephen', '30', 'PG', '6\'3""', '185', '1988-03-14', '29', 'Akron, Ohio', 'USA', 'N', '101', 'GSW', 'Golden State', 'Warriors', '10', '10.0', '4', '4.0', '40.0', '9', '9.0', '3', '3.0', '33.3', '19', '19.0', '7', '7.0', '36.8', '5', '5.0', '4', '4.0', '80.0', '0', '0.0', '10', '10.0', '10', '10.0', '8', '8.0', '21', '21.0', '4', '4.0', '0', '0.0', '1', '1.0', '1', '1.0', '2', '2.0', '1', '1.0', '2191', '2191.0', '4', '4.0', '0', '0.0', '2', '2.0', '0', '0.0', '0', '0.0', '0', '0.0', '0', '0.0', '0', '0.0', '0', '0.0', '0']"
"['', '34627', '2017-01-25', '8:00PM', '101', 'GSW', 'Golden State', 'Warriors', '93', 'CHA', 'Charlotte', 'Hornets', 'Time Warner Cable Arena', '9218', 'Curry', 'Stephen', '30', 'PG', '6\'3""', '185', '1988-03-14', '29', 'Akron, Ohio', 'USA', 'N', '101', 'GSW', 'Golden State', 'Warriors', '11', '11.0', '5', '5.0', '45.4', '12', '12.0', '6', '6.0', '50.0', '23', '23.0', '11', '11.0', '47.8', '0', '0.0', '0', '0.0', '0.0', '0', '0.0', '2', '2.0', '2', '2.0', '6', '6.0', '28', '28.0', '4', '4.0', '1', '1.0', '1', '1.0', '2', '2.0', '2', '2.0', '0', '0.0', '2176', '2176.0', '2', '2.0', '0', '0.0', '0', '0.0', '0', '0.0', '0', '0.0', '0', '0.0', '0', '0.0', '0', '0.0', '0', '0.0', '0']"
"['', '34647', '2017-01-28', '8:30PM', '102', 'LAC', 'Los Angeles', 'Clippers', '101', 'GSW', 'Golden State', 'Warriors', 'Oracle Arena', '9218', 'Curry', 'Stephen', '30', 'PG', '6\'3""', '185', '1988-03-14', '29', 'Akron, Ohio', 'USA', 'N', '101', 'GSW', 'Golden State', 'Warriors', '8', '8.0', '6', '6.0', '75.0', '15', '15.0', '9', '9.0', '60.0', '23', '23.0', '15', '15.0', '65.2', '4', '4.0', '4', '4.0', '100.0', '0', '0.0', '9', '9.0', '9', '9.0', '6', '6.0', '43', '43.0', '2', '2.0', '0', '0.0', '0', '0.0', '0', '0.0', '1', '1.0', '42', '42.0', '1737', '1737.0', '5', '5.0', '0', '0.0', '4', '4.0', '0', '0.0', '0', '0.0', '0', '0.0', '0', '0.0', '0', '0.0', '0', '0.0', '0']"
"['', '34658', '2017-01-29', '9:00PM', '101', 'GSW', 'Golden State', 'Warriors', '97', 'POR', 'Portland', 'Trail Blazers', 'Moda Center', '9218', 'Curry', 'Stephen', '30', 'PG', '6\'3""', '185', '1988-03-14', '29', 'Akron, Ohio', 'USA', 'N', '101', 'GSW', 'Golden State', 'Warriors', '0', '0.0', '0', '0.0', '0.0', '0', '0.0', '0', '0.0', '0.0', '0', '0.0', '0', '0.0', '0.0', '0', '0.0', '0', '0.0', '0.0', '0', '0.0', '0', '0.0', '0', '0.0', '0', '0.0', '0', '0.0', '0', '0.0', '0', '0.0', '0', '0.0', '0', '0.0', '0', '0.0', '0', '0.0', '0', '0.0', '0', '0.0', '0', '0.0', '0', '0.0', '0', '0.0', '0', '0.0', '0', '0.0', '0', '0.0', '0', '0.0', '0', '0.0', '0']"
"['', '34681', '2017-02-01', '10:30PM', '93', 'CHA', 'Charlotte', 'Hornets', '101', 'GSW', 'Golden State', 'Warriors', 'Oracle Arena', '9218', 'Curry', 'Stephen', '30', 'PG', '6\'3""', '185', '1988-03-14', '29', 'Akron, Ohio', 'USA', 'N', '101', 'GSW', 'Golden State', 'Warriors', '5', '5.0', '3', '3.0', '60.0', '15', '15.0', '11', '11.0', '73.3', '20', '20.0', '14', '14.0', '70.0', '0', '0.0', '0', '0.0', '0.0', '1', '1.0', '4', '4.0', '5', '5.0', '8', '8.0', '39', '39.0', '1', '1.0', '3', '3.0', '0', '0.0', '0', '0.0', '2', '2.0', '25', '25.0', '1816', '1816.0', '2', '2.0', '0', '0.0', '0', '0.0', '0', '0.0', '0', '0.0', '0', '0.0', '0', '0.0', '0', '0.0', '0', '0.0', '0']"
"['', '34685', '2017-02-02', '10:30PM', '101', 'GSW', 'Golden State', 'Warriors', '102', 'LAC', 'Los Angeles', 'Clippers', 'Staples Center', '9218', 'Curry', 'Stephen', '30', 'PG', '6\'3""', '185', '1988-03-14', '29', 'Akron, Ohio', 'USA', 'N', '101', 'GSW', 'Golden State', 'Warriors', '13', '13.0', '8', '8.0', '61.5', '10', '10.0', '3', '3.0', '30.0', '23', '23.0', '11', '11.0', '47.8', '4', '4.0', '4', '4.0', '100.0', '1', '1.0', '2', '2.0', '3', '3.0', '11', '11.0', '29', '29.0', '4', '4.0', '3', '3.0', '0', '0.0', '1', '1.0', '1', '1.0', '13', '13.0', '2246', '2246.0', '6', '6.0', '0', '0.0', '4', '4.0', '1', '1.0', '0', '0.0', '0', '0.0', '0', '0.0', '0', '0.0', '0', '0.0', '0']"
"['', '34704', '2017-02-04', '10:30PM', '101', 'GSW', 'Golden State', 'Warriors', '103', 'SAC', 'Sacramento', 'Kings', 'Sleep Train Arena', '9218', 'Curry', 'Stephen', '30', 'PG', '6\'3""', '185', '1988-03-14', '29', 'Akron, Ohio', 'USA', 'N', '101', 'GSW', 'Golden State', 'Warriors', '6', '6.0', '3', '3.0', '50.0', '14', '14.0', '8', '8.0', '57.1', '20', '20.0', '11', '11.0', '55.0', '6', '6.0', '5', '5.0', '83.3', '0', '0.0', '4', '4.0', '4', '4.0', '9', '9.0', '35', '35.0', '3', '3.0', '3', '3.0', '0', '0.0', '1', '1.0', '2', '2.0', '4', '4.0', '2505', '2505.0', '4', '4.0', '0', '0.0', '2', '2.0', '0', '0.0', '0', '0.0', '0', '0.0', '0', '0.0', '0', '0.0', '0', '0.0', '0']"
"['', '34732', '2017-02-08', '10:30PM', '89', 'CHI', 'Chicago', 'Bulls', '101', 'GSW', 'Golden State', 'Warriors', 'Oracle Arena', '9218', 'Curry', 'Stephen', '30', 'PG', '6\'3""', '185', '1988-03-14', '29', 'Akron, Ohio', 'USA', 'N', '101', 'GSW', 'Golden State', 'Warriors', '7', '7.0', '4', '4.0', '57.1', '4', '4.0', '1', '1.0', '25.0', '11', '11.0', '5', '5.0', '45.4', '2', '2.0', '2', '2.0', '100.0', '0', '0.0', '1', '1.0', '1', '1.0', '6', '6.0', '13', '13.0', '2', '2.0', '1', '1.0', '0', '0.0', '1', '1.0', '4', '4.0', '20', '20.0', '1692', '1692.0', '6', '6.0', '0', '0.0', '2', '2.0', '0', '0.0', '0', '0.0', '0', '0.0', '0', '0.0', '0', '0.0', '0', '0.0', '0']"
"['', '34743', '2017-02-10', '8:00PM', '101', 'GSW', 'Golden State', 'Warriors', '107', 'MEM', 'Memphis', 'Grizzlies', 'FedEx Forum', '9218', 'Curry', 'Stephen', '30', 'PG', '6\'3""', '185', '1988-03-14', '29', 'Akron, Ohio', 'USA', 'N', '101', 'GSW', 'Golden State', 'Warriors', '7', '7.0', '4', '4.0', '57.1', '6', '6.0', '2', '2.0', '33.3', '13', '13.0', '6', '6.0', '46.2', '5', '5.0', '4', '4.0', '80.0', '0', '0.0', '4', '4.0', '4', '4.0', '5', '5.0', '18', '18.0', '3', '3.0', '0', '0.0', '0', '0.0', '0', '0.0', '3', '3.0', '15', '15.0', '2091', '2091.0', '6', '6.0', '0', '0.0', '3', '3.0', '0', '0.0', '0', '0.0', '0', '0.0', '0', '0.0', '0', '0.0', '0', '0.0', '0']"
"['', '34752', '2017-02-11', '8:30PM', '101', 'GSW', 'Golden State', 'Warriors', '96', 'OKL', 'Oklahoma City', 'Thunder', 'Chesapeake Energy Arena', '9218', 'Curry', 'Stephen', '30', 'PG', '6\'3""', '185', '1988-03-14', '29', 'Akron, Ohio', 'USA', 'N', '101', 'GSW', 'Golden State', 'Warriors', '8', '8.0', '5', '5.0', '62.5', '11', '11.0', '4', '4.0', '36.4', '19', '19.0', '9', '9.0', '47.4', '4', '4.0', '4', '4.0', '100.0', '3', '3.0', '5', '5.0', '8', '8.0', '9', '9.0', '26', '26.0', '0', '0.0', '2', '2.0', '0', '0.0', '3', '3.0', '2', '2.0', '16', '16.0', '2034', '2034.0', '5', '5.0', '0', '0.0', '3', '3.0', '0', '0.0', '0', '0.0', '0', '0.0', '0', '0.0', '0', '0.0', '0', '0.0', '0']"
"['', '34767', '2017-02-13', '9:00PM', '101', 'GSW', 'Golden State', 'Warriors', '99', 'DEN', 'Denver', 'Nuggets', 'Pepsi Center', '9218', 'Curry', 'Stephen', '30', 'PG', '6\'3""', '185', '1988-03-14', '29', 'Akron, Ohio', 'USA', 'N', '101', 'GSW', 'Golden State', 'Warriors', '7', '7.0', '3', '3.0', '42.9', '11', '11.0', '1', '1.0', '9.1', '18', '18.0', '4', '4.0', '22.2', '2', '2.0', '2', '2.0', '100.0', '1', '1.0', '1', '1.0', '2', '2.0', '5', '5.0', '11', '11.0', '1', '1.0', '1', '1.0', '0', '0.0', '0', '0.0', '1', '1.0', '-24', '-24.0', '1602', '1602.0', '2', '2.0', '0', '0.0', '1', '1.0', '0', '0.0', '0', '0.0', '0', '0.0', '0', '0.0', '0', '0.0', '0', '0.0', '0']"
"['', '34787', '2017-02-15', '10:30PM', '103', 'SAC', 'Sacramento', 'Kings', '101', 'GSW', 'Golden State', 'Warriors', 'Oracle Arena', '9218', 'Curry', 'Stephen', '30', 'PG', '6\'3""', '185', '1988-03-14', '29', 'Akron, Ohio', 'USA', 'N', '101', 'GSW', 'Golden State', 'Warriors', '6', '6.0', '2', '2.0', '33.3', '8', '8.0', '2', '2.0', '25.0', '14', '14.0', '4', '4.0', '28.6', '4', '4.0', '3', '3.0', '75.0', '0', '0.0', '6', '6.0', '6', '6.0', '9', '9.0', '13', '13.0', '3', '3.0', '0', '0.0', '2', '2.0', '2', '2.0', '2', '2.0', '23', '23.0', '1803', '1803.0', '5', '5.0', '0', '0.0', '3', '3.0', '0', '0.0', '0', '0.0', '0', '0.0', '0', '0.0', '0', '0.0', '0', '0.0', '0']"
"['', '34794', '2017-02-23', '10:30PM', '102', 'LAC', 'Los Angeles', 'Clippers', '101', 'GSW', 'Golden State', 'Warriors', 'Oracle Arena', '9218', 'Curry', 'Stephen', '30', 'PG', '6\'3""', '185', '1988-03-14', '29', 'Akron, Ohio', 'USA', 'N', '101', 'GSW', 'Golden State', 'Warriors', '6', '6.0', '4', '4.0', '66.7', '10', '10.0', '6', '6.0', '60.0', '16', '16.0', '10', '10.0', '62.5', '10', '10.0', '9', '9.0', '90.0', '1', '1.0', '6', '6.0', '7', '7.0', '5', '5.0', '35', '35.0', '4', '4.0', '4', '4.0', '0', '0.0', '0', '0.0', '5', '5.0', '26', '26.0', '1931', '1931.0', '10', '10.0', '0', '0.0', '5', '5.0', '0', '0.0', '0', '0.0', '0', '0.0', '0', '0.0', '0', '0.0', '0', '0.0', '0']"
"['', '34813', '2017-02-25', '10:30PM', '84', 'BRO', 'Brooklyn', 'Nets', '101', 'GSW', 'Golden State', 'Warriors', 'Oracle Arena', '9218', 'Curry', 'Stephen', '30', 'PG', '6\'3""', '185', '1988-03-14', '29', 'Akron, Ohio', 'USA', 'N', '101', 'GSW', 'Golden State', 'Warriors', '11', '11.0', '4', '4.0', '36.4', '10', '10.0', '5', '5.0', '50.0', '21', '21.0', '9', '9.0', '42.9', '4', '4.0', '4', '4.0', '100.0', '1', '1.0', '4', '4.0', '5', '5.0', '5', '5.0', '27', '27.0', '4', '4.0', '3', '3.0', '0', '0.0', '0', '0.0', '2', '2.0', '17', '17.0', '2095', '2095.0', '6', '6.0', '0', '0.0', '4', '4.0', '0', '0.0', '0', '0.0', '0', '0.0', '0', '0.0', '0', '0.0', '0', '0.0', '0']"
"['', '34823', '2017-02-27', '7:00PM', '101', 'GSW', 'Golden State', 'Warriors', '85', 'PHI', 'Philadelphia', '76ers', 'Wells Fargo Center', '9218', 'Curry', 'Stephen', '30', 'PG', '6\'3""', '185', '1988-03-14', '29', 'Akron, Ohio', 'USA', 'N', '101', 'GSW', 'Golden State', 'Warriors', '12', '12.0', '7', '7.0', '58.3', '11', '11.0', '0', '0.0', '0.0', '23', '23.0', '7', '7.0', '30.4', '5', '5.0', '5', '5.0', '100.0', '2', '2.0', '2', '2.0', '4', '4.0', '6', '6.0', '19', '19.0', '4', '4.0', '2', '2.0', '0', '0.0', '0', '0.0', '2', '2.0', '8', '8.0', '2088', '2088.0', '5', '5.0', '0', '0.0', '3', '3.0', '0', '0.0', '0', '0.0', '0', '0.0', '0', '0.0', '0', '0.0', '0', '0.0', '0']"
"['', '34829', '2017-02-28', '7:00PM', '101', 'GSW', 'Golden State', 'Warriors', '94', 'WAS', 'Washington', 'Wizards', 'Verizon Center', '9218', 'Curry', 'Stephen', '30', 'PG', '6\'3""', '185', '1988-03-14', '29', 'Akron, Ohio', 'USA', 'N', '101', 'GSW', 'Golden State', 'Warriors', '11', '11.0', '7', '7.0', '63.6', '9', '9.0', '2', '2.0', '22.2', '20', '20.0', '9', '9.0', '45.0', '6', '6.0', '5', '5.0', '83.3', '4', '4.0', '3', '3.0', '7', '7.0', '4', '4.0', '25', '25.0', '5', '5.0', '3', '3.0', '0', '0.0', '2', '2.0', '3', '3.0', '-5', '-5.0', '2054', '2054.0', '7', '7.0', '0', '0.0', '4', '4.0', '0', '0.0', '0', '0.0', '0', '0.0', '0', '0.0', '0', '0.0', '0', '0.0', '0']"
"['', '34846', '2017-03-02', '8:00PM', '101', 'GSW', 'Golden State', 'Warriors', '89', 'CHI', 'Chicago', 'Bulls', 'United Center', '9218', 'Curry', 'Stephen', '30', 'PG', '6\'3""', '185', '1988-03-14', '29', 'Akron, Ohio', 'USA', 'N', '101', 'GSW', 'Golden State', 'Warriors', '16', '16.0', '8', '8.0', '50.0', '11', '11.0', '2', '2.0', '18.2', '27', '27.0', '10', '10.0', '37.0', '1', '1.0', '1', '1.0', '100.0', '1', '1.0', '5', '5.0', '6', '6.0', '5', '5.0', '23', '23.0', '4', '4.0', '5', '5.0', '0', '0.0', '1', '1.0', '4', '4.0', '-4', '-4.0', '2128', '2128.0', '5', '5.0', '0', '0.0', '1', '1.0', '0', '0.0', '0', '0.0', '0', '0.0', '0', '0.0', '0', '0.0', '0', '0.0', '0']"
"['', '34868', '2017-03-05', '3:30PM', '101', 'GSW', 'Golden State', 'Warriors', '83', 'NYK', 'New York', 'Knicks', 'Madison Square Garden', '9218', 'Curry', 'Stephen', '30', 'PG', '6\'3""', '185', '1988-03-14', '29', 'Akron, Ohio', 'USA', 'N', '101', 'GSW', 'Golden State', 'Warriors', '11', '11.0', '6', '6.0', '54.6', '13', '13.0', '5', '5.0', '38.5', '24', '24.0', '11', '11.0', '45.8', '6', '6.0', '4', '4.0', '66.7', '2', '2.0', '6', '6.0', '8', '8.0', '6', '6.0', '31', '31.0', '2', '2.0', '2', '2.0', '0', '0.0', '1', '1.0', '2', '2.0', '22', '22.0', '2211', '2211.0', '6', '6.0', '0', '0.0', '4', '4.0', '0', '0.0', '0', '0.0', '0', '0.0', '0', '0.0', '0', '0.0', '0', '0.0', '0']"
"['', '34877', '2017-03-06', '7:30PM', '101', 'GSW', 'Golden State', 'Warriors', '91', 'ATL', 'Atlanta', 'Hawks', 'Philips Arena', '9218', 'Curry', 'Stephen', '30', 'PG', '6\'3""', '185', '1988-03-14', '29', 'Akron, Ohio', 'USA', 'N', '101', 'GSW', 'Golden State', 'Warriors', '5', '5.0', '2', '2.0', '40.0', '15', '15.0', '6', '6.0', '40.0', '20', '20.0', '8', '8.0', '40.0', '3', '3.0', '2', '2.0', '66.7', '1', '1.0', '3', '3.0', '4', '4.0', '9', '9.0', '24', '24.0', '2', '2.0', '0', '0.0', '0', '0.0', '0', '0.0', '4', '4.0', '5', '5.0', '2071', '2071.0', '7', '7.0', '0', '0.0', '3', '3.0', '0', '0.0', '0', '0.0', '0', '0.0', '0', '0.0', '0', '0.0', '0', '0.0', '0']"
"['', '34899', '2017-03-08', '10:30PM', '82', 'BOS', 'Boston', 'Celtics', '101', 'GSW', 'Golden State', 'Warriors', 'Oracle Arena', '9218', 'Curry', 'Stephen', '30', 'PG', '6\'3""', '185', '1988-03-14', '29', 'Akron, Ohio', 'USA', 'N', '101', 'GSW', 'Golden State', 'Warriors', '7', '7.0', '6', '6.0', '85.7', '9', '9.0', '2', '2.0', '22.2', '16', '16.0', '8', '8.0', '50.0', '5', '5.0', '5', '5.0', '100.0', '3', '3.0', '2', '2.0', '5', '5.0', '6', '6.0', '23', '23.0', '4', '4.0', '0', '0.0', '1', '1.0', '0', '0.0', '4', '4.0', '-3', '-3.0', '2108', '2108.0', '9', '9.0', '0', '0.0', '5', '5.0', '0', '0.0', '0', '0.0', '0', '0.0', '0', '0.0', '0', '0.0', '0', '0.0', '0']"
"['', '34908', '2017-03-10', '8:00PM', '101', 'GSW', 'Golden State', 'Warriors', '100', 'MIN', 'Minnesota', 'Timberwolves', 'Target Center', '9218', 'Curry', 'Stephen', '30', 'PG', '6\'3""', '185', '1988-03-14', '29', 'Akron, Ohio', 'USA', 'N', '101', 'GSW', 'Golden State', 'Warriors', '19', '19.0', '9', '9.0', '47.4', '8', '8.0', '1', '1.0', '12.5', '27', '27.0', '10', '10.0', '37.0', '5', '5.0', '5', '5.0', '100.0', '3', '3.0', '3', '3.0', '6', '6.0', '7', '7.0', '26', '26.0', '6', '6.0', '1', '1.0', '0', '0.0', '1', '1.0', '4', '4.0', '-5', '-5.0', '2118', '2118.0', '7', '7.0', '0', '0.0', '3', '3.0', '0', '0.0', '0', '0.0', '0', '0.0', '0', '0.0', '0', '0.0', '0', '0.0', '0']"
"['', '34920', '2017-03-11', '8:30PM', '101', 'GSW', 'Golden State', 'Warriors', '106', 'SAS', 'San Antonio', 'Spurs', 'AT&T Center', '9218', 'Curry', 'Stephen', '30', 'PG', '6\'3""', '185', '1988-03-14', '29', 'Akron, Ohio', 'USA', 'N', '101', 'GSW', 'Golden State', 'Warriors', '0', '0.0', '0', '0.0', '0.0', '0', '0.0', '0', '0.0', '0.0', '0', '0.0', '0', '0.0', '0.0', '0', '0.0', '0', '0.0', '0.0', '0', '0.0', '0', '0.0', '0', '0.0', '0', '0.0', '0', '0.0', '0', '0.0', '0', '0.0', '0', '0.0', '0', '0.0', '0', '0.0', '0', '0.0', '0', '0.0', '0', '0.0', '0', '0.0', '0', '0.0', '0', '0.0', '0', '0.0', '0', '0.0', '0', '0.0', '0', '0.0', '0', '0.0', '0']"
"['', '34943', '2017-03-14', '10:30PM', '85', 'PHI', 'Philadelphia', '76ers', '101', 'GSW', 'Golden State', 'Warriors', 'Oracle Arena', '9218', 'Curry', 'Stephen', '30', 'PG', '6\'3""', '185', '1988-03-14', '29', 'Akron, Ohio', 'USA', 'N', '101', 'GSW', 'Golden State', 'Warriors', '10', '10.0', '3', '3.0', '30.0', '13', '13.0', '5', '5.0', '38.5', '23', '23.0', '8', '8.0', '34.8', '8', '8.0', '8', '8.0', '100.0', '2', '2.0', '4', '4.0', '6', '6.0', '5', '5.0', '29', '29.0', '5', '5.0', '3', '3.0', '0', '0.0', '0', '0.0', '3', '3.0', '3', '3.0', '2245', '2245.0', '9', '9.0', '0', '0.0', '6', '6.0', '0', '0.0', '0', '0.0', '0', '0.0', '0', '0.0', '0', '0.0', '0', '0.0', '0']"
"['', '34959', '2017-03-16', '10:30PM', '95', 'ORL', 'Orlando', 'Magic', '101', 'GSW', 'Golden State', 'Warriors', 'Oracle Arena', '9218', 'Curry', 'Stephen', '30', 'PG', '6\'3""', '185', '1988-03-14', '29', 'Akron, Ohio', 'USA', 'N', '101', 'GSW', 'Golden State', 'Warriors', '8', '8.0', '6', '6.0', '75.0', '7', '7.0', '2', '2.0', '28.6', '15', '15.0', '8', '8.0', '53.3', '7', '7.0', '7', '7.0', '100.0', '0', '0.0', '1', '1.0', '1', '1.0', '9', '9.0', '25', '25.0', '2', '2.0', '3', '3.0', '0', '0.0', '0', '0.0', '1', '1.0', '24', '24.0', '1687', '1687.0', '6', '6.0', '0', '0.0', '5', '5.0', '0', '0.0', '0', '0.0', '0', '0.0', '0', '0.0', '0', '0.0', '0', '0.0', '0']"
"['', '34975', '2017-03-18', '10:30PM', '90', 'MIL', 'Milwaukee', 'Bucks', '101', 'GSW', 'Golden State', 'Warriors', 'Oracle Arena', '9218', 'Curry', 'Stephen', '30', 'PG', '6\'3""', '185', '1988-03-14', '29', 'Akron, Ohio', 'USA', 'N', '101', 'GSW', 'Golden State', 'Warriors', '5', '5.0', '3', '3.0', '60.0', '8', '8.0', '6', '6.0', '75.0', '13', '13.0', '9', '9.0', '69.2', '4', '4.0', '4', '4.0', '100.0', '0', '0.0', '4', '4.0', '4', '4.0', '4', '4.0', '28', '28.0', '3', '3.0', '1', '1.0', '1', '1.0', '1', '1.0', '3', '3.0', '18', '18.0', '1817', '1817.0', '7', '7.0', '0', '0.0', '4', '4.0', '0', '0.0', '0', '0.0', '0', '0.0', '0', '0.0', '0', '0.0', '0', '0.0', '0']"
"['', '34989', '2017-03-20', '8:00PM', '101', 'GSW', 'Golden State', 'Warriors', '96', 'OKL', 'Oklahoma City', 'Thunder', 'Chesapeake Energy Arena', '9218', 'Curry', 'Stephen', '30', 'PG', '6\'3""', '185', '1988-03-14', '29', 'Akron, Ohio', 'USA', 'N', '101', 'GSW', 'Golden State', 'Warriors', '5', '5.0', '1', '1.0', '20.0', '12', '12.0', '7', '7.0', '58.3', '17', '17.0', '8', '8.0', '47.1', '0', '0.0', '0', '0.0', '0.0', '0', '0.0', '4', '4.0', '4', '4.0', '6', '6.0', '23', '23.0', '5', '5.0', '0', '0.0', '0', '0.0', '0', '0.0', '3', '3.0', '16', '16.0', '1793', '1793.0', '5', '5.0', '0', '0.0', '2', '2.0', '0', '0.0', '0', '0.0', '0', '0.0', '0', '0.0', '0', '0.0', '0', '0.0', '0']"
"['', '34995', '2017-03-21', '8:30PM', '101', 'GSW', 'Golden State', 'Warriors', '108', 'DAL', 'Dallas', 'Mavericks', 'American Airlines Center', '9218', 'Curry', 'Stephen', '30', 'PG', '6\'3""', '185', '1988-03-14', '29', 'Akron, Ohio', 'USA', 'N', '101', 'GSW', 'Golden State', 'Warriors', '5', '5.0', '4', '4.0', '80.0', '9', '9.0', '3', '3.0', '33.3', '14', '14.0', '7', '7.0', '50.0', '0', '0.0', '0', '0.0', '0.0', '1', '1.0', '4', '4.0', '5', '5.0', '9', '9.0', '17', '17.0', '0', '0.0', '2', '2.0', '0', '0.0', '0', '0.0', '1', '1.0', '14', '14.0', '1785', '1785.0', '2', '2.0', '0', '0.0', '1', '1.0', '0', '0.0', '0', '0.0', '0', '0.0', '0', '0.0', '0', '0.0', '0', '0.0', '0']"
"['', '35021', '2017-03-24', '10:30PM', '103', 'SAC', 'Sacramento', 'Kings', '101', 'GSW', 'Golden State', 'Warriors', 'Oracle Arena', '9218', 'Curry', 'Stephen', '30', 'PG', '6\'3""', '185', '1988-03-14', '29', 'Akron, Ohio', 'USA', 'N', '101', 'GSW', 'Golden State', 'Warriors', '7', '7.0', '4', '4.0', '57.1', '11', '11.0', '5', '5.0', '45.4', '18', '18.0', '9', '9.0', '50.0', '4', '4.0', '4', '4.0', '100.0', '1', '1.0', '6', '6.0', '7', '7.0', '12', '12.0', '27', '27.0', '3', '3.0', '6', '6.0', '0', '0.0', '0', '0.0', '0', '0.0', '28', '28.0', '1994', '1994.0', '4', '4.0', '0', '0.0', '4', '4.0', '0', '0.0', '0', '0.0', '0', '0.0', '0', '0.0', '0', '0.0', '0', '0.0', '0']"
"['', '35034', '2017-03-26', '8:00PM', '107', 'MEM', 'Memphis', 'Grizzlies', '101', 'GSW', 'Golden State', 'Warriors', 'Oracle Arena', '9218', 'Curry', 'Stephen', '30', 'PG', '6\'3""', '185', '1988-03-14', '29', 'Akron, Ohio', 'USA', 'N', '101', 'GSW', 'Golden State', 'Warriors', '6', '6.0', '3', '3.0', '50.0', '12', '12.0', '5', '5.0', '41.7', '18', '18.0', '8', '8.0', '44.4', '0', '0.0', '0', '0.0', '0.0', '0', '0.0', '1', '1.0', '1', '1.0', '11', '11.0', '21', '21.0', '5', '5.0', '4', '4.0', '0', '0.0', '0', '0.0', '1', '1.0', '8', '8.0', '2179', '2179.0', '2', '2.0', '0', '0.0', '1', '1.0', '0', '0.0', '0', '0.0', '0', '0.0', '0', '0.0', '0', '0.0', '0', '0.0', '0']"
"['', '35048', '2017-03-28', '8:00PM', '101', 'GSW', 'Golden State', 'Warriors', '109', 'HOU', 'Houston', 'Rockets', 'Toyota Center', '9218', 'Curry', 'Stephen', '30', 'PG', '6\'3""', '185', '1988-03-14', '29', 'Akron, Ohio', 'USA', 'N', '101', 'GSW', 'Golden State', 'Warriors', '11', '11.0', '8', '8.0', '72.7', '11', '11.0', '3', '3.0', '27.3', '22', '22.0', '11', '11.0', '50.0', '10', '10.0', '7', '7.0', '70.0', '2', '2.0', '8', '8.0', '10', '10.0', '7', '7.0', '32', '32.0', '6', '6.0', '2', '2.0', '0', '0.0', '2', '2.0', '5', '5.0', '9', '9.0', '2005', '2005.0', '11', '11.0', '0', '0.0', '6', '6.0', '0', '0.0', '0', '0.0', '0', '0.0', '0', '0.0', '0', '0.0', '0', '0.0', '0']"
"['', '35058', '2017-03-29', '9:30PM', '101', 'GSW', 'Golden State', 'Warriors', '106', 'SAS', 'San Antonio', 'Spurs', 'AT&T Center', '9218', 'Curry', 'Stephen', '30', 'PG', '6\'3""', '185', '1988-03-14', '29', 'Akron, Ohio', 'USA', 'N', '101', 'GSW', 'Golden State', 'Warriors', '12', '12.0', '5', '5.0', '41.7', '8', '8.0', '4', '4.0', '50.0', '20', '20.0', '9', '9.0', '45.0', '7', '7.0', '7', '7.0', '100.0', '0', '0.0', '3', '3.0', '3', '3.0', '11', '11.0', '29', '29.0', '2', '2.0', '1', '1.0', '0', '0.0', '3', '3.0', '5', '5.0', '6', '6.0', '2108', '2108.0', '8', '8.0', '0', '0.0', '3', '3.0', '0', '0.0', '0', '0.0', '0', '0.0', '0', '0.0', '0', '0.0', '0', '0.0', '0']"
"['', '35076', '2017-03-31', '10:30PM', '109', 'HOU', 'Houston', 'Rockets', '101', 'GSW', 'Golden State', 'Warriors', 'Oracle Arena', '9218', 'Curry', 'Stephen', '30', 'PG', '6\'3""', '185', '1988-03-14', '29', 'Akron, Ohio', 'USA', 'N', '101', 'GSW', 'Golden State', 'Warriors', '9', '9.0', '4', '4.0', '44.4', '9', '9.0', '4', '4.0', '44.4', '18', '18.0', '8', '8.0', '44.4', '5', '5.0', '4', '4.0', '80.0', '3', '3.0', '4', '4.0', '7', '7.0', '5', '5.0', '24', '24.0', '2', '2.0', '2', '2.0', '0', '0.0', '1', '1.0', '4', '4.0', '14', '14.0', '2086', '2086.0', '8', '8.0', '0', '0.0', '4', '4.0', '0', '0.0', '0', '0.0', '0', '0.0', '0', '0.0', '0', '0.0', '0', '0.0', '0']"
"['', '35092', '2017-04-02', '8:00PM', '94', 'WAS', 'Washington', 'Wizards', '101', 'GSW', 'Golden State', 'Warriors', 'Oracle Arena', '9218', 'Curry', 'Stephen', '30', 'PG', '6\'3""', '185', '1988-03-14', '29', 'Akron, Ohio', 'USA', 'N', '101', 'GSW', 'Golden State', 'Warriors', '8', '8.0', '6', '6.0', '75.0', '14', '14.0', '9', '9.0', '64.3', '22', '22.0', '15', '15.0', '68.2', '3', '3.0', '3', '3.0', '100.0', '0', '0.0', '1', '1.0', '1', '1.0', '8', '8.0', '42', '42.0', '1', '1.0', '1', '1.0', '0', '0.0', '1', '1.0', '3', '3.0', '26', '26.0', '2133', '2133.0', '7', '7.0', '0', '0.0', '4', '4.0', '0', '0.0', '0', '0.0', '0', '0.0', '0', '0.0', '0', '0.0', '0', '0.0', '0']"
"['', '35102', '2017-04-04', '10:30PM', '100', 'MIN', 'Minnesota', 'Timberwolves', '101', 'GSW', 'Golden State', 'Warriors', 'Oracle Arena', '9218', 'Curry', 'Stephen', '30', 'PG', '6\'3""', '185', '1988-03-14', '29', 'Akron, Ohio', 'USA', 'N', '101', 'GSW', 'Golden State', 'Warriors', '10', '10.0', '4', '4.0', '40.0', '8', '8.0', '3', '3.0', '37.5', '18', '18.0', '7', '7.0', '38.9', '4', '4.0', '2', '2.0', '50.0', '0', '0.0', '3', '3.0', '3', '3.0', '9', '9.0', '19', '19.0', '3', '3.0', '3', '3.0', '2', '2.0', '1', '1.0', '2', '2.0', '13', '13.0', '1793', '1793.0', '6', '6.0', '0', '0.0', '4', '4.0', '0', '0.0', '0', '0.0', '0', '0.0', '0', '0.0', '0', '0.0', '0', '0.0', '0']"
"['', '35111', '2017-04-05', '10:00PM', '101', 'GSW', 'Golden State', 'Warriors', '104', 'PHX', 'Phoenix', 'Suns', 'Talking Stick Resort Arena', '9218', 'Curry', 'Stephen', '30', 'PG', '6\'3""', '185', '1988-03-14', '29', 'Akron, Ohio', 'USA', 'N', '101', 'GSW', 'Golden State', 'Warriors', '13', '13.0', '7', '7.0', '53.8', '13', '13.0', '8', '8.0', '61.5', '26', '26.0', '15', '15.0', '57.7', '7', '7.0', '4', '4.0', '57.1', '1', '1.0', '4', '4.0', '5', '5.0', '11', '11.0', '42', '42.0', '3', '3.0', '2', '2.0', '2', '2.0', '1', '1.0', '0', '0.0', '25', '25.0', '2111', '2111.0', '7', '7.0', '0', '0.0', '7', '7.0', '0', '0.0', '0', '0.0', '0', '0.0', '0', '0.0', '0', '0.0', '0', '0.0', '0']"
"['', '35135', '2017-04-08', '10:30PM', '110', 'NOP', 'New Orleans', 'Pelicans', '101', 'GSW', 'Golden State', 'Warriors', 'Oracle Arena', '9218', 'Curry', 'Stephen', '30', 'PG', '6\'3""', '185', '1988-03-14', '29', 'Akron, Ohio', 'USA', 'N', '101', 'GSW', 'Golden State', 'Warriors', '0', '0.0', '0', '0.0', '0.0', '0', '0.0', '0', '0.0', '0.0', '0', '0.0', '0', '0.0', '0.0', '0', '0.0', '0', '0.0', '0.0', '0', '0.0', '0', '0.0', '0', '0.0', '0', '0.0', '0', '0.0', '0', '0.0', '0', '0.0', '0', '0.0', '0', '0.0', '0', '0.0', '0', '0.0', '0', '0.0', '0', '0.0', '0', '0.0', '0', '0.0', '0', '0.0', '0', '0.0', '0', '0.0', '0', '0.0', '0', '0.0', '0', '0.0', '0']"
"['', '35151', '2017-04-10', '10:30PM', '98', 'UTA', 'Utah', 'Jazz', '101', 'GSW', 'Golden State', 'Warriors', 'Oracle Arena', '9218', 'Curry', 'Stephen', '30', 'PG', '6\'3""', '185', '1988-03-14', '29', 'Akron, Ohio', 'USA', 'N', '101', 'GSW', 'Golden State', 'Warriors', '8', '8.0', '3', '3.0', '37.5', '8', '8.0', '6', '6.0', '75.0', '16', '16.0', '9', '9.0', '56.2', '5', '5.0', '4', '4.0', '80.0', '1', '1.0', '3', '3.0', '4', '4.0', '4', '4.0', '28', '28.0', '1', '1.0', '1', '1.0', '0', '0.0', '0', '0.0', '1', '1.0', '9', '9.0', '1797', '1797.0', '4', '4.0', '0', '0.0', '3', '3.0', '0', '0.0', '0', '0.0', '0', '0.0', '0', '0.0', '0', '0.0', '0', '0.0', '0']"
"['', '35169', '2017-04-12', '10:30PM', '105', 'LAL', 'Los Angeles', 'Lakers', '101', 'GSW', 'Golden State', 'Warriors', 'Oracle Arena', '9218', 'Curry', 'Stephen', '30', 'PG', '6\'3""', '185', '1988-03-14', '29', 'Akron, Ohio', 'USA', 'N', '101', 'GSW', 'Golden State', 'Warriors', '3', '3.0', '1', '1.0', '33.3', '14', '14.0', '5', '5.0', '35.7', '17', '17.0', '6', '6.0', '35.3', '4', '4.0', '3', '3.0', '75.0', '0', '0.0', '5', '5.0', '5', '5.0', '8', '8.0', '20', '20.0', '5', '5.0', '2', '2.0', '0', '0.0', '0', '0.0', '1', '1.0', '27', '27.0', '1707', '1707.0', '4', '4.0', '0', '0.0', '3', '3.0', '0', '0.0', '0', '0.0', '0', '0.0', '0', '0.0', '0', '0.0', '0', '0.0', '0']"
